,Word,Degree Centrality,Word,Closeness Centrality,Word,Betweenness Centrality,Word,Eigenvector Centrality
0,make,0.5,reach,0.3333333333333333,reach,0.06666666666666667,make,0.5211200923556694
1,building,0.5,dress,0.3333333333333333,dress,0.06666666666666667,building,0.5211200923556694
2,reach,0.3333333333333333,make,0.2222222222222222,make,0.0,reach,0.41790694813836154
3,dress,0.3333333333333333,promise,0.2222222222222222,situate,0.0,dress,0.41790694813836154
4,promise,0.16666666666666666,building,0.2222222222222222,promise,0.0,promise,0.2319216075334496
5,herre,0.16666666666666666,herre,0.2222222222222222,building,0.0,herre,0.2319216075334496
6,situate,0.0,situate,0.0,herre,0.0,situate,3.768597429527085e-09
